,Metric,Baseline,MultiQueryRetriever with Document Stuffing,Delta
0,faithfulness,1.0,1.0,0.0
1,answer_relevancy,0.6830164070549601,0.8130890380068635,0.13007263095190336
2,context_recall,0.6428571428571429,0.8571428571428571,0.2142857142857142
3,context_precision,0.8928571428142857,0.7342970521343405,-0.15856009067994525
4,answer_correctness,0.5972778730923233,0.6156732369082604,0.018395363815937094
