,Metric,Baseline,MultiQueryRetriever with Document Stuffing,Delta
0,faithfulness,1.0,1.0,0.0
1,answer_relevancy,0.7446881476985435,0.9423680719948682,0.19767992429632464
2,context_recall,0.8,0.6,-0.20000000000000007
3,context_precision,0.7999999999633334,0.7253333333192458,-0.07466666664408761
4,answer_correctness,0.6237588736382884,0.5845369012712915,-0.03922197236699687
