,Metric,Baseline,ADA,Text Embedding 3,Delta - TE3 -> ADA,Delta - TE3 -> Baseline
0,faithfulness,1.0,1.0,1.0,0.0,0.0
1,answer_relevancy,0.6830164070549601,0.8130890380068635,0.8145864479893454,0.0014974099824819342,0.1315700409343853
2,context_recall,0.6428571428571429,0.8571428571428571,0.738095238095238,-0.11904761904761907,0.09523809523809512
3,context_precision,0.8928571428142857,0.7342970521343405,0.8577380952126638,0.12344104307832326,-0.03511904760162199
4,answer_correctness,0.5972778730923233,0.6156732369082604,0.6249493946901594,0.009276157781899053,0.027671521597836146
