,Metric,Baseline,ADA,Text Embedding 3,Delta - TE3 -> ADA,Delta - TE3 -> Baseline
0,faithfulness,1.0,1.0,1.0,0.0,0.0
1,answer_relevancy,0.7446881476985435,0.9423680719948682,0.9353112560913438,-0.0070568159035243605,0.19062310839280028
2,context_recall,0.8,0.6,0.7333333333333333,0.1333333333333333,-0.06666666666666676
3,context_precision,0.7999999999633334,0.7253333333192458,0.7499999999806428,0.024666666661397052,-0.04999999998269056
4,answer_correctness,0.6237588736382884,0.5845369012712915,0.6123928187856079,0.027855917514316375,-0.011366054852680496
